Abilene,TX
Sweetwater,TX
Albany,NY
Schenectady,NY
Troy,NY
Albany,GA
Amarillo,TX
Austin,TX
Bakersfield,CA
Baltimore,MD
Beaumont,TX
Port Arthur,TX
Birmingham,AL
Boise,ID
Buffalo,NY
Butte,MT
Bozeman,MT
Cedar Rapids,IA
Waterloo,IA
Dubuque,IA
Champaign,IL
Springfield,IL
Decatur,IL
Charleston,WV
Huntington,WV
Charleston,SC
Chattanooga,TN
Chico,CA
Redding,CA
Cincinnati,OH
Columbia,MO
Jefferson City,MO
Columbia,SC
Columbus,OH
Corpus Christi,TX
Dayton,OH
Des Moines,IA
Ames,IA
El Paso,TX
Eugene,OR
Eureka,CA
Flint,MI
Saginaw,MI
Bay City,MI
Florence,SC
Myrtle Beach,SC
Fresno,CA
Visalia,CA
Gainesville,FL
Grand Rapids,MI
Kalamazoo,MI
Battle Creek,MI
Green Bay,WI
Appleton,WI
Greensboro,NC
High Point,NC
Winston Salem,NC
Greenville,SC
Spartanburg,SC
Greenville,NC
N.Bern,NC
Washngtn,NC
Harlingen,TX
Weslaco,TX
Brownsville,TX
McAllen,TX
Harrisburg,PA
Lancaster,PA
Lebanon,PA
York,PA
Johnstown,PA
Altoona,PA
Las Vegas,NV
Lexington,KY
Lincoln,NE
Hastings,NE
Kearney,NE
Little Rock,AR
Pine Bluff,AR
Macon,GA
Madison,WI
Medford,OR
Klamath Falls,OR
Milwaukee,WI
Minneapolis,MN
Missoula,MT
Mobile,AL
Nashville,TN
Norfolk,VA
Portsmouth,VA
Newport News,VA
Oklahoma City,OK
Omaha,NE
Ottumwa,IA
Paducah,KY
Cape Girard,KY
Harsbg,KY
Peoria,IL
Bloomington,IL
Pittsburgh,PA
Portland,ME
Auburn,ME
Portland,OR
Providence,RI
New Bedford,RI
Quincy,IL
Raleigh,NC
Durham,NC
Reno,NV
Richmond,VA
Petersburg,VA
Roanoke,VA
Lynchburg,VA
Rochester,NY
Salt Lake City,UT
San Angelo,TX
San Antonio,TX
Savannah,GA
Seattle,WA
Tacoma,WA
Sioux City,IA
South Bend,IN
Elkhart,IN
Spokane,WA
St. Louis,MO
Syracuse,NY
Tallahassee,FL
Toledo,OH
Traverse City,MI
Cadillac,MI
Tri,TN
Cities,TN
Tulsa,OK
Washington,DC
West Palm Beach,FL
Fort Pierce,FL
Wheeling,WV
Wichita,KS
Hutchinson,KS
Wilkes Barre,PA
Scranton,PA
Yakima,WA
Pasco,WA
Richland,WA
Kennewick,WA
